session	problem	theorem	category	compile	statement_same	axioms	flags	verdict	sha256
adv1	508	Erdos508.HadwigerNelsonAtLeast4	research solved	OK	SAME	[propext, Classical.choice, Quot.sound]	-	VERIFIED	ddb8ccdba30284308afc16e66290b390154ca83999c432e7947a061e840bb171
adv1	508	Erdos508.HadwigerNelsonAtMostSeven	textbook	OK	SAME	[propext, Classical.choice, Quot.sound]	-	VERIFIED	ddb8ccdba30284308afc16e66290b390154ca83999c432e7947a061e840bb171
adv2	138	Erdos138.monoAP_guarantee_set_nonempty	research solved	OK	SAME	[propext, Classical.choice, Quot.sound]	-	VERIFIED	25f9b59a87e521cbba602940113dd84b8f3505b8c0d0be378d95e8111adee225
adv3	942	Erdos942.erdos_942.variants.limsup	textbook	OK	SAME	[propext, Classical.choice, Quot.sound]	info:semcheck_ok_added_open:open MeasureTheory	VERIFIED	e902e8e237372f54a19c554b715ef0435b80cedd1ce68cd5d3064f521a3a1d77
adv4	649	Erdos649.erdos_649.variants.tong	research solved	OK	SAME	[propext, Classical.choice, Quot.sound]	info:m2_appended_print_axioms	VERIFIED	5ea9a0b3071602d0b7e7f7151c91c14e6320dfc1c4e1280d9ed2db4e83ab5f2c
adv4	649	Erdos649.erdos_649.variants.sampaio	textbook	OK	SAME	[propext, Classical.choice, Quot.sound]	info:filled_but_not_marked_DONE_in_STATUS;info:m2_appended_print_axioms;info:also_proved_in_gptE	VERIFIED	5ea9a0b3071602d0b7e7f7151c91c14e6320dfc1c4e1280d9ed2db4e83ab5f2c
adv4	770	Erdos770.Nat.Prime.h_eq_add_one	textbook	OK	SAME	[propext, Classical.choice, Quot.sound]	info:semcheck_ok_added_open:open scoped Polynomial	VERIFIED	727eca198fc84d96eae1fae340a1137a8a35de9b10722641de68b9ac25511b32
adv5	273	Erdos273.erdos_273.variants.three	research solved	OK	SAME	[propext, Classical.choice, Quot.sound]	info:semcheck_ok_added_set_option:set_option maxRecDepth 4096 in	VERIFIED	29563d3c3baebdf8749086a31cf23f6ad3e6dcea26130693c8c76fc56ee44054
adv5	1136	Erdos1136.erdos_1136.variants.mueller	research solved	OK	SAME	[propext, Classical.choice, Quot.sound]	info:added_section/namespace;info:semcheck_ok_added_open:open Finset Nat;info:semcheck_ok_added_instance:noncomputable instance : DecidablePred (· ∈ A) := ;REVIEW:added_def_A_occurs_in_statement_of_erdos_1136.variants.upper_bound	VERIFIED-REVIEW	d13b94eac33cb03c3a72acbc667fbce5e757d58087a35a765414b9c0fa22ccf6
adv5	1136	Erdos1136.erdos_1136.variants.multiples_of_three	research solved	OK	SAME	[propext, Classical.choice, Quot.sound]	info:filled_but_not_marked_DONE_in_STATUS;info:added_section/namespace;info:semcheck_ok_added_open:open Finset Nat;info:semcheck_ok_added_instance:noncomputable instance : DecidablePred (· ∈ A) := ;REVIEW:added_def_A_occurs_in_statement_of_erdos_1136.variants.upper_bound;info:also_proved_in_gptE	VERIFIED-REVIEW	d13b94eac33cb03c3a72acbc667fbce5e757d58087a35a765414b9c0fa22ccf6
adv5	1136	Erdos1136.erdos_1136.variants.upper_bound	research solved	OK	SAME	[propext, Classical.choice, Quot.sound]	info:filled_but_not_marked_DONE_in_STATUS;info:added_section/namespace;info:semcheck_ok_added_open:open Finset Nat;info:semcheck_ok_added_instance:noncomputable instance : DecidablePred (· ∈ A) := ;REVIEW:added_def_A_occurs_in_statement_of_erdos_1136.variants.upper_bound;info:also_proved_in_gptE	VERIFIED-REVIEW	d13b94eac33cb03c3a72acbc667fbce5e757d58087a35a765414b9c0fa22ccf6
gptA	36	Erdos36.minimum_overlap.variants.lower.erdos_1955	textbook	OK	SAME	[propext, Classical.choice, Quot.sound]	-	VERIFIED	06d274ab776ca3673e160ebf917562b9e7cba10e8b85ff995535e40b736e745f
gptA	261	Erdos261.erdos_261.variants.borwein_loring	textbook	OK	SAME	[propext, Classical.choice, Quot.sound]	-	VERIFIED	ebc7899a33f775bf08240f139d23c3ade6ff3b9cff8ffec8918560276ff01548
gptA	261	Erdos261.erdos_261.variants.borwein_loring_property	textbook	OK	SAME	[propext, Classical.choice, Quot.sound]	-	VERIFIED	ebc7899a33f775bf08240f139d23c3ade6ff3b9cff8ffec8918560276ff01548
gptA	261	Erdos261.erdos_261.parts.i	research solved	OK	SAME	[propext, Classical.choice, Quot.sound]	-	VERIFIED	ebc7899a33f775bf08240f139d23c3ade6ff3b9cff8ffec8918560276ff01548
gptB	698	Erdos698.erdos_698.variants.erdos_szekeres	research solved	OK	SAME	[propext, Classical.choice, Quot.sound]	-	VERIFIED	15577f010988f4751510a1739de0765a855f07df090d135613e96ccecd37c1d9
gptB	698	Erdos698.erdos_698.variants.erdos_szekeres_sharp	research solved	OK	SAME	[propext, Classical.choice, Quot.sound]	-	VERIFIED	15577f010988f4751510a1739de0765a855f07df090d135613e96ccecd37c1d9
gptB	865	Erdos865.erdos_865.variants.k2	research solved	OK	SAME	[propext, Classical.choice, Quot.sound]	-	VERIFIED	20bb49a50f4ebc96083ee4b04b1575ab5a5c306fe3a61a61aadb270d187d1e19
gptB	885	Erdos885.erdos_885.variants.k_eq_2	research solved	OK	SAME	[propext, Classical.choice, Quot.sound]	info:also_proved_in_gptF	VERIFIED	94fcad7b0552b79b238a7f71742d2a8b29f5c571bba7125457583af1f440b039
gptC	292	Erdos292.erdos_292.variants.mul	research solved	OK	SAME	[propext, Classical.choice, Quot.sound]	-	VERIFIED	b9db02f5d45241bb708b563e8abe648645929406283ef0c0b931db71a7633df4
gptC	292	Erdos292.erdos_292.variants.two_mul	research solved	OK	SAME	[propext, Classical.choice, Quot.sound]	-	VERIFIED	b9db02f5d45241bb708b563e8abe648645929406283ef0c0b931db71a7633df4
gptC	292	Erdos292.erdos_292.variants.prime_pow	research solved	OK	SAME	[propext, Classical.choice, Quot.sound]	-	VERIFIED	b9db02f5d45241bb708b563e8abe648645929406283ef0c0b931db71a7633df4
gptC	317	Erdos317.claim2_inequality	textbook	OK	SAME	[propext, Classical.choice, Quot.sound]	-	VERIFIED	15c6f34da49828e42ea4a0cf6189e1bb5bf3246c9138a7398be767aeb36ea753
gptD	291	Erdos291.erdos_291.parts.ii	research solved	OK	SAME	[propext, Classical.choice, Quot.sound]	-	VERIFIED	3b8f427192622034002e89ff76d0e732a748da89d720038b6ae94c406c50b140
gptD	302	Erdos302.erdos_302.variants.lower_half	research solved	OK	SAME	[propext, Classical.choice, Quot.sound]	-	VERIFIED	a43e035518459a16e044718662d42bccf96e96368e7b8b41313b1c6854f108da
gptD	302	Erdos302.erdos_302.variants.lower_five_eighths	research solved	OK	SAME	[propext, Classical.choice, Quot.sound]	-	VERIFIED	a43e035518459a16e044718662d42bccf96e96368e7b8b41313b1c6854f108da
gptD	302	Erdos302.erdos_302.parts.ii	research solved	OK	SAME	[propext, Classical.choice, Quot.sound]	-	VERIFIED	a43e035518459a16e044718662d42bccf96e96368e7b8b41313b1c6854f108da
gptD	395	Erdos395.erdos_395.variants.one	research solved	OK	SAME	[propext, Classical.choice, Quot.sound]	-	VERIFIED	003880cb653e5f4b35e2e56122fe32c317347cb9d567bcd31056b2b6848c914d
gptD	602	Erdos602.erdos_602.variants.two_sets	research solved	OK	IDENTICAL_DECL	[propext, Classical.choice, Quot.sound]	TRIVIAL:proof_already_in_FC_and_unchanged	REJECTED	c4b6be6e863460791eaf2e7cac4dcfb0c0405853d08c508eaabc4fd128489fd4
gptD	1193	Erdos1193.erdos_1193.parts.i	research solved	OK	SAME	[propext, Classical.choice, Quot.sound]	-	VERIFIED	a087fc0f9f7ff87e344fde3fe08ad3648b651b4225fc4f70f1f29a069e80c78b
gptD	1193	Erdos1193.erdos_1193.parts.ii	research solved	OK	SAME	[propext, Classical.choice, Quot.sound]	-	VERIFIED	a087fc0f9f7ff87e344fde3fe08ad3648b651b4225fc4f70f1f29a069e80c78b
gptD	1193	Erdos1193.erdos_1193.variants.upper_density_pos	research solved	OK	SAME	[propext, Classical.choice, Quot.sound]	-	VERIFIED	a087fc0f9f7ff87e344fde3fe08ad3648b651b4225fc4f70f1f29a069e80c78b
gptE	367	Erdos367.erdos_367.variants.k_le_two	research solved	OK	SAME	[propext, Classical.choice, Quot.sound]	-	VERIFIED	3fb2b23122d3f4fd05f3f653cf05324f1c146a39885717512b217515a65858f6
gptE	649	Erdos649.erdos_649.variants.sampaio	textbook	OK	SAME	[propext, Classical.choice, Quot.sound]	info:also_proved_in_adv4	VERIFIED	147f8e2a81bd1fa3806ecc1a26245356ddbd1d426fac34841ddec27b498655de
gptE	703	Erdos703.erdos_703.variants.zero	textbook	OK	SAME	[propext, Classical.choice, Quot.sound]	-	VERIFIED	1bf2ca3afc1bc2fcf482220ec22ee4e8a9489bf54e9a1784f1cbdf76ed201c58
gptE	748	Erdos748.erdos_748.variants.lower_bound	textbook	OK	SAME	[propext, Classical.choice, Quot.sound]	-	VERIFIED	b04797885f82798e79b0bd275cc5ec59dd71ea749769c197ac51226ae70fd849
gptE	1136	Erdos1136.erdos_1136.variants.multiples_of_three	research solved	OK	SAME	[propext, Classical.choice, Quot.sound]	info:semcheck_ok_added_open:open scoped Classical in;info:also_proved_in_adv5	VERIFIED	74ece9ebc11495cc1dc38f68b9cbd5c12e9601f8b0f06cd7f471dc59e4fe032a
gptE	1136	Erdos1136.erdos_1136.variants.upper_bound	research solved	OK	SAME	[propext, Classical.choice, Quot.sound]	info:semcheck_ok_added_open:open scoped Classical in;info:also_proved_in_adv5	VERIFIED	74ece9ebc11495cc1dc38f68b9cbd5c12e9601f8b0f06cd7f471dc59e4fe032a
gptF	123	Erdos123.erdos_123.variants.powers_2_3	research solved	OK	SAME	[propext, Classical.choice, Quot.sound]	-	VERIFIED	9f7d935c3e8622b38ce8423f3952ae657e7e1a7b423d7988e3f5904623a8b256
gptF	885	Erdos885.erdos_885.variants.k_eq_3	research solved	OK	SAME	[propext, Classical.choice, Quot.sound]	-	VERIFIED	4c6d318153afab9c07df9e25746707f40ea3966c8f38afbce6a6f4eeefc072ca
gptF	885	Erdos885.erdos_885.variants.k_eq_2	research solved	OK	SAME	[propext, Classical.choice, Quot.sound]	info:filled_but_not_marked_DONE_in_STATUS;info:also_proved_in_gptB	VERIFIED	4c6d318153afab9c07df9e25746707f40ea3966c8f38afbce6a6f4eeefc072ca
gptF	939	Erdos939.erdos_939.variants.seven	research solved	OK	SAME	[propext, Classical.choice, Quot.sound]	info:also_proved_in_gptI	VERIFIED	17bd86b729b6d7cd47118c4590253119dbded6741e57888ef6a17400c42868ac
gptF	939	Erdos939.erdos_939.variants.eight	research solved	OK	SAME	[propext, Classical.choice, Quot.sound]	info:also_proved_in_gptI	VERIFIED	17bd86b729b6d7cd47118c4590253119dbded6741e57888ef6a17400c42868ac
gptF	1063	Erdos1063.erdos_1063.variants.monier_upper_bound	research solved	OK	SAME	[propext, Classical.choice, Quot.sound]	info:also_proved_in_gptI	VERIFIED	9f108ab1f25764d365fd40e94723653d220eb3384084efd4f724178455faaf9b
gptG	44	Erdos44.greedy_sidon_construction	textbook	OK	SAME	[propext, Classical.choice, Quot.sound]	-	VERIFIED	2a1d49488e57fddd11d99bea84730545868ec84aa32407ce5f54f786696408a5
gptG	295	Erdos295.exists_k	textbook	OK	SAME	[propext, Classical.choice, Quot.sound]	-	VERIFIED	59b39678630187fd4544d3d717cccdde5241e75d2ab50aafde9f7ad36a25751b
gptH	282	Erdos282.erdos_282.variants.fibonacci	textbook	OK	SAME	[propext, Classical.choice, Quot.sound]	-	VERIFIED	b4d9fb53da897ad6695cae85c485827c373b6d0724a694aa5eba96b6b7e7adbd
gptI	939	Erdos939.erdos_939.variants.seven	research solved	OK	SAME	[propext, Classical.choice, Quot.sound]	info:also_proved_in_gptF	VERIFIED	967b5444e751f163c88260727b606727e1e5f3ce48b7c02db464d7cecdba2066
gptI	939	Erdos939.erdos_939.variants.eight	research solved	OK	SAME	[propext, Classical.choice, Quot.sound]	info:also_proved_in_gptF	VERIFIED	967b5444e751f163c88260727b606727e1e5f3ce48b7c02db464d7cecdba2066
gptI	1063	Erdos1063.erdos_1063.variants.exists_exception	research solved	OK	SAME	[propext, Classical.choice, Quot.sound]	-	VERIFIED	44369df2ba145d04bbfbd4fdee45af19aef03bf4eac0a9c8d5d001814f7907b5
gptI	1063	Erdos1063.erdos_1063.variants.monier_upper_bound	research solved	OK	SAME	[propext, Classical.choice, Quot.sound]	info:also_proved_in_gptF	VERIFIED	44369df2ba145d04bbfbd4fdee45af19aef03bf4eac0a9c8d5d001814f7907b5
gptJ	1008	Erdos1008.erdos_1008.variants.lower_bound	research solved	OK	SAME	[propext, Classical.choice, Quot.sound]	info:semcheck_ok_added_open:open Finset	VERIFIED	296f7cdb078caf1b7134bc4f924610b5d8d7da676c33ab1ddce9104180f105b2
w3a	36	Erdos36.minimum_overlap.variants.upper.erdos_1955	research solved	OK	SAME	[propext, Classical.choice, Quot.sound]	-	VERIFIED	e007314d394eacee8c468ba17ae8c10a1a2465dd64dd3ba1a291a8670d14914c
w3a	835	Erdos835.property_iff_chromaticNumber	test	OK	SAME	[propext, Classical.choice, Quot.sound]	-	VERIFIED	4308e69aa108678fc281ebf8dac639c3cff4cd8d305653ab4f45ee8bd2dbde80
w3b	859	Erdos859.erdos_859.variants.positive_density	textbook	OK	SAME	[propext, Classical.choice, Quot.sound]	info:semcheck_ok_added_open:open Filter	VERIFIED	0df5cf2986f3fba79aa4140e0cbb9c65e92ffc60c3ca367b24b8f4f7de91100c
w3c	409	Erdos409.erdos_409.variants.termination	test	OK	IDENTICAL_DECL	[propext, Classical.choice, Quot.sound]	TRIVIAL:proof_already_in_FC_and_unchanged	REJECTED	9dee7237abcf6151aba44066d708d1a15b5c7be62a9d7e7e198ec78d4302e192
w3d	1074	Erdos1074.erdos_1074.variants.EHSNumbers_init	test	OK	SAME	[propext, Classical.choice, Quot.sound]	info:semcheck_ok_added_instance:private noncomputable instance : DecidablePred EHS;info:semcheck_ok_added_open:open scoped Classical in	VERIFIED	d56811d938851285f6d4044894140acec85f02e30fb61ed03241124ed0bec8c0
w3d	1074	Erdos1074.erdos_1074.variants.PillaiPrimes_init	test	OK	SAME	[propext, Classical.choice, Quot.sound]	info:semcheck_ok_added_instance:private noncomputable instance : DecidablePred EHS;info:semcheck_ok_added_open:open scoped Classical in	VERIFIED	d56811d938851285f6d4044894140acec85f02e30fb61ed03241124ed0bec8c0
w3e	757	Erdos757.erdos_757.variants.upperBound	research solved	OK	SAME	[propext, Classical.choice, Quot.sound]	info:semcheck_ok_added_open:open scoped Classical;info:semcheck_ok_added_set_option:set_option maxRecDepth 10000	VERIFIED	a1260c57f324cbc3e0794bdc32dfb94d4c905e2643eb8e347b8b07fea3d6043f
w3f	423	Erdos423.erdos_423.variants.nondecreasing	research solved	OK	SAME	[propext, Classical.choice, Quot.sound]	-	VERIFIED	cf4980e0e0f8360714559e250c0086f74a8309ec35d4557722a1add61d98837e
w3f	918	Erdos918.erdos_918.variants.eq_aleph_0.parts.i	textbook	OK	SAME	[propext, Classical.choice, Quot.sound]	-	VERIFIED	e3b9555c94193117c38d4499fad4f7def1121994cded0c589f6d10006cd080b1
w3f	918	Erdos918.erdos_918.variants.eq_aleph_0_all_subgraphs.parts.i	textbook	OK	SAME	[propext, Classical.choice, Quot.sound]	-	VERIFIED	e3b9555c94193117c38d4499fad4f7def1121994cded0c589f6d10006cd080b1
w3f	918	Erdos918.erdos_918.variants.eq_aleph_0_all_subgraphs.parts.ii	textbook	OK	SAME	[propext, Classical.choice, Quot.sound]	-	VERIFIED	e3b9555c94193117c38d4499fad4f7def1121994cded0c589f6d10006cd080b1
