10-02 10:16	30141883715	beaten=1	n=768	from=E4	float=30141883714.8	/home/lead/ramsey/cand/best_30141883715.json	153193552950847986816467442463/5082414702427399675577312750625	26s
10-02 10:19	30140885560	beaten=1	n=1024	from=S2	float=30140885559.0	/home/lead/ramsey/cand/best_30140885560.json	83886268301/2783138807808	33s
10-02 10:21	30140817625	beaten=1	n=1024	from=S2	float=30140817624.9	/home/lead/ramsey/cand/best_30140817625.json	83886079231/2783138807808	32s
10-02 10:24	30140791430	beaten=1	n=1024	from=S2	float=30140791429.3	/home/lead/ramsey/cand/best_30140791430.json	83886006325/2783138807808	33s
10-02 10:26	30140781724	beaten=1	n=1024	from=S2	float=30140781723.4	/home/lead/ramsey/cand/best_30140781724.json	582541523/19327352832	20s
10-02 10:29	30140774692	beaten=1	n=1024	from=S2	float=30140774691.4	/home/lead/ramsey/cand/best_30140774692.json	83885959741/2783138807808	33s
10-02 10:33	30140758406	beaten=1	n=1024	from=I3	float=30140758405.4	/home/lead/ramsey/cand/best_30140758406.json	23725241465587826390291956941/787148125023679705020115231232	111s
10-02 10:35	30140717250	beaten=1	n=1024	from=I5	float=30140717249.4	/home/lead/ramsey/cand/best_30140717250.json	1310715623/43486543872	34s
10-02 10:38	30140703222	beaten=1	n=1024	from=I5	float=30140703221.0	/home/lead/ramsey/cand/best_30140703222.json	83885760829/2783138807808	32s
10-02 10:40	30140692953	beaten=1	n=1024	from=I5	float=30140692952.0	/home/lead/ramsey/cand/best_30140692953.json	83885732249/2783138807808	35s
10-02 10:43	30140683314	beaten=1	n=1024	from=I5	float=30140683313.3	/home/lead/ramsey/cand/best_30140683314.json	83885705423/2783138807808	39s
10-02 10:46	30140680011	beaten=1	n=1024	from=I5	float=30140680010.2	/home/lead/ramsey/cand/best_30140680011.json	41942848115/1391569403904	40s
10-02 10:48	30140673946	beaten=1	n=1024	from=I5	float=30140673945.1	/home/lead/ramsey/cand/best_30140673946.json	41942839675/1391569403904	31s
10-02 10:51	30140669216	beaten=1	n=1024	from=I5	float=30140669215.2	/home/lead/ramsey/cand/best_30140669216.json	41942833093/1391569403904	31s
10-02 10:55	30140606048	beaten=1	n=1024	from=KW1	float=30140606047.3	/home/lead/ramsey/cand/best_30140606048.json	25907721507014982368134106863/859562062770237619436328514375	72s
10-02 10:58	30140592184	beaten=1	n=1024	from=KW1	float=30140592183.2	/home/lead/ramsey/cand/best_30140592184.json	178069120080754363878053383767/5907950281695361157088363300625	108s
10-02 11:01	30140555790	beaten=1	n=1024	from=L2	float=30140555789.6	/home/lead/ramsey/cand/best_30140555790.json	83885350507/2783138807808	30s
10-02 11:02	30140545504	beaten=1	n=1024	from=L2	float=30140545503.4	/home/lead/ramsey/cand/best_30140545504.json	83885321879/2783138807808	20s
10-02 11:04	30140530571	beaten=1	n=1024	from=L2	float=30140530570.6	/home/lead/ramsey/cand/best_30140530571.json	83885280319/2783138807808	34s
10-02 11:07	30140518619	beaten=1	n=1024	from=L2	float=30140518618.3	/home/lead/ramsey/cand/best_30140518619.json	517810167/17179869184	32s
10-02 11:11	30140442018	beaten=1	n=1024	from=M4	float=30140442017.3	/home/lead/ramsey/cand/best_30140442018.json	1455363438255890475723571373/48286068181136563927802663522	111s
10-02 11:15	30140410786	beaten=1	n=1024	from=M4	float=30140410786.0	/home/lead/ramsey/cand/best_30140410786.json	93143163534083917824662440047/3090308363592740091379370465408	107s
10-02 11:18	30140400923	beaten=1	n=1024	from=M4	float=30140400922.2	/home/lead/ramsey/cand/best_30140400923.json	46571566525893215050908848323/1545154181796370045689685232704	111s
10-02 11:22	30140395543	beaten=1	n=1024	from=M4	float=30140395542.8	/home/lead/ramsey/cand/best_30140395543.json	93143116427795957338452485147/3090308363592740091379370465408	111s
10-02 11:26	30140390216	beaten=1	n=1024	from=M4	float=30140390216.0	/home/lead/ramsey/cand/best_30140390216.json	46571549983154812212066613919/1545154181796370045689685232704	111s
10-02 11:38	30140333949	beaten=1	n=1024	from=M4	float=30140333948.2	/home/lead/ramsey/cand/best_30140333949.json	91081668060968970549429897343/3021919671411747281380516197128	110s
10-02 11:42	30140330254	beaten=1	n=1024	from=M4	float=30140330253.8	/home/lead/ramsey/cand/best_30140330254.json	91081656896814148465883689775/3021919671411747281380516197128	107s
10-02 11:46	30140327499	beaten=1	n=1024	from=M4	float=30140327498.3	/home/lead/ramsey/cand/best_30140327499.json	11385206071246992629078399741/377739958926468410172564524641	105s
10-02 11:49	30140324481	beaten=1	n=1024	from=M4	float=30140324480.8	/home/lead/ramsey/cand/best_30140324481.json	91081639451286904508108619631/3021919671411747281380516197128	111s
10-02 11:55	30140322423	beaten=1	n=1024	from=M4	float=30140322422.0	/home/lead/ramsey/cand/best_30140322423.json	45540816614871735214262579057/1510959835705873640690258098564	110s
10-02 11:59	30140211743	beaten=1	n=1024	from=N1f	float=30140211742.8	/home/lead/ramsey/cand/best_30140211743.json	9739063092036063747268455551/323125237975418648087898944016	112s
10-02 12:03	30140194593	beaten=1	n=1024	from=N1f	float=30140194592.4	/home/lead/ramsey/cand/best_30140194593.json	19478115100607627701962284183/646250475950837296175797888032	112s
10-02 12:07	30140181468	beaten=1	n=1024	from=N1f	float=30140181467.9	/home/lead/ramsey/cand/best_30140181468.json	12985404412589635417748024989/430833650633891530783865258688	123s
10-02 12:11	30140172644	beaten=1	n=1024	from=N1f	float=30140172643.4	/home/lead/ramsey/cand/best_30140172644.json	38956201832027006707615239869/1292500951901674592351595776064	104s
10-02 12:15	30140167003	beaten=1	n=1024	from=N1f	float=30140167002.5	/home/lead/ramsey/cand/best_30140167003.json	1442822020045596579675655957/47870405625987947864873917632	112s
10-02 12:20	30140164539	beaten=1	n=1024	from=N1f	float=30140164538.8	/home/lead/ramsey/cand/best_30140164539.json	19478095678424791488834582409/646250475950837296175797888032	111s
10-02 12:28	30140162463	beaten=1	n=1024	from=N1f	float=30140162462.8	/home/lead/ramsey/cand/best_30140162463.json	9739047168417871244458155131/323125237975418648087898944016	111s
10-02 12:36	30140109784	beaten=1	n=1024	from=N1f	float=30140109783.5	/home/lead/ramsey/cand/best_30140109784.json	89179640089991847187643402745/2958835940896691014536588689408	112s
10-02 12:57	30140092451	beaten=1	n=1024	from=N1f	float=30140092450.8	/home/lead/ramsey/cand/best_30140092451.json	89179588805324068744507909627/2958835940896691014536588689408	133s
10-02 13:07	30140090264	beaten=1	n=1024	from=N1f	float=30140090263.5	/home/lead/ramsey/cand/best_30140090264.json	501008889514241520834175557/16622673825262309070430273536	134s
10-02 13:11	30140069034	beaten=1	n=1024	from=N1b	float=30140069033.7	/home/lead/ramsey/cand/best_30140069034.json	193579997199265250977125867387/6422679290577021727849940015761	116s
10-02 13:15	30140066877	beaten=1	n=1024	from=N1b	float=30140066877.0	/home/lead/ramsey/cand/best_30140066877.json	193579983347384737969529944927/6422679290577021727849940015761	112s
10-02 13:23	30140064493	beaten=1	n=1024	from=N1a	float=30140064492.4	/home/lead/ramsey/cand/best_30140064493.json	193579968031719611157141685819/6422679290577021727849940015761	112s
10-02 13:27	30140062348	beaten=1	n=1024	from=N1a	float=30140062347.8	/home/lead/ramsey/cand/best_30140062348.json	193579954258112245970216876621/6422679290577021727849940015761	135s
10-02 13:33	30140060005	beaten=1	n=1024	from=N1f	float=30140060004.2	/home/lead/ramsey/cand/best_30140060005.json	188588932731451436974222458433/6257085510276848847733900200625	135s
10-02 13:41	30140049727	beaten=1	n=1024	from=N1a	float=30140049726.1	/home/lead/ramsey/cand/best_30140049727.json	92186659506176983508700597337/3058610066804648709482145763208	95s
10-02 13:51	30140046478	beaten=1	n=1024	from=N1a	float=30140046477.2	/home/lead/ramsey/cand/best_30140046478.json	23046662392293219692974325373/764652516701162177370536440802	121s
10-02 13:56	30140044001	beaten=1	n=1024	from=N1a	float=30140044000.2	/home/lead/ramsey/cand/best_30140044001.json	940680020336915820832862941/31210306804129068464103528196	104s
10-02 14:09	30140035224	beaten=1	n=1024	from=N1a	float=30140035223.3	/home/lead/ramsey/cand/best_30140035224.json	187983629968852354337367117591/6237007640383603937596413000625	132s
10-02 14:22	30140033122	beaten=1	n=1024	from=N1a	float=30140033121.7	/home/lead/ramsey/cand/best_30140033122.json	187983616861355155830960886541/6237007640383603937596413000625	104s
10-02 14:49	30139996397	beaten=1	n=1024	from=N2f	float=30139996397.0	/home/lead/ramsey/cand/best_30139996397.json	48665577187822766230731819891/1614651061893562341412804747204	133s
10-02 15:07	30139993741	beaten=1	n=1024	from=N2f	float=30139993740.2	/home/lead/ramsey/cand/best_30139993741.json	97331145796249756679084082399/3229302123787124682825609494408	109s
10-02 15:10	30139989061	beaten=1	n=1024	from=N2f	float=30139989060.0	/home/lead/ramsey/cand/best_30139989061.json	48665565341200032395246339489/1614651061893562341412804747204	110s
10-02 15:16	30139986674	beaten=1	n=1024	from=N2f	float=30139986673.4	/home/lead/ramsey/cand/best_30139986674.json	48665561487623437118966816739/1614651061893562341412804747204	105s
10-02 15:28	30139958907	beaten=1	n=1024	from=N2f	float=30139958906.5	/home/lead/ramsey/cand/best_30139958907.json	191677195446631468165392288159/6359570563495533652336960500625	110s
10-02 17:50	30139956561	beaten=1	n=1024	from=Y2	float=30139956560.6	/home/lead/ramsey/cand/best_30139956561.json	194934022104255033909302487223/6467627838555810005289740600625	104s
10-02 18:02	30139950769	beaten=1	n=1024	from=Y2	float=30139950768.7	/home/lead/ramsey/cand/best_30139950769.json	350749721886748710370215206/11637368772704416873588842875	102s
10-02 18:06	30139948096	beaten=1	n=1024	from=Y5	float=30139948095.2	/home/lead/ramsey/cand/best_30139948096.json	186362968947727443169388393641/6183254475382010113405249211281	101s
10-02 18:28	30139944820	beaten=1	n=1024	from=Y5	float=30139944819.8	/home/lead/ramsey/cand/best_30139944820.json	193731056300854186369305208315/6427717683586287229070456194801	132s
10-02 18:32	30139941477	beaten=1	n=1024	from=Y1	float=30139941476.2	/home/lead/ramsey/cand/best_30139941477.json	5009700987803299368246110877/166214688630175295832831720250	143s
10-02 18:58	30139937468	beaten=1	n=1024	from=Y1	float=30139937467.8	/home/lead/ramsey/cand/best_30139937468.json	101763363440560272878822367785/3376362792697288202109070051328	84s
10-02 19:52	30139933996	beaten=1	n=1024	from=Y1	float=30139933995.1	/home/lead/ramsey/cand/best_30139933996.json	200080655744752337972227066537/6638390640717004439491700265361	105s
