problem	theorem	fc_category	verdict	decision	evidence
508	HadwigerNelsonAtLeast4	research solved	DUPLICATE	NOT CLAIMED	https://github.com/TheJustinSunPrize/awards/pull/270 (2026-09-16, `hadwiger_nelson_at_least_four : 4 ≤ (UnitDistancePlaneGraph Set.univ).chromaticNumber`, Moser spindle, exact FC shape); subsumed by https://github.com/Vilin97/lean-pool/blob/c77d19c49b/LeanPool/HadwigerNelsonBounds.lean (5 ≤ χ)
508	HadwigerNelsonAtMostSeven	textbook	DUPLICATE-CORE	OPTIONAL (not claimed by default)	https://github.com/Vilin97/lean-pool/blob/c77d19c49b/LeanPool/HadwigerNelsonBounds.lean (Vilin97/lean-pool, author Egor Lyfar, file history 2026-07-23 .. 2026-09-18: `hadwiger_nelson_known_bounds : 5 ≤ unitDistanceGraph.chromaticNumber ∧ unitDistanceGraph.chromaticNumber ≤ 7`, Isbell hexagonal colouring with lattice step 3/4, own `unitDistanceGraph : SimpleGraph (EuclideanSpace ℝ (Fin 2))`; no `sorry` in the top-level file, header 'Status: verified'; read, not compiled by us). No proof of the FC statement itself found (all public copies are `sorry` stubs; no JSP PR)
138	monoAP_guarantee_set_nonempty	research solved	DUPLICATE	NOT CLAIMED	https://github.com/TheJustinSunPrize/awards/pull/516 (2026-09-17, exact FC statement `monoAP_guarantee_set_nonempty`, same Hales-Jewett derivation) ; https://github.com/AllenGrahamHart/FormalConjectures-Bench/blob/0d031f72/oracles/erdosproblems-138-difference/Submission.lean (`vdw_nonempty (r k) : (monoAP_guarantee_set r k).Nonempty`, l. 197; the proof linked from FC's `formal_proof` tag of `erdos_138.variants.difference`). Also a thin wrapper: Mathlib has Hales-Jewett `Combinatorics.Line.exists_mono_in_high_dimension` and the van der Waerden corollary `Combinatorics.exists_mono_homothetic_copy`
942	erdos_942.variants.limsup	textbook	NEW	CLAIM (substantive)	no complete proof found. kavanaghpatrick/aristotle-math-problems (commit 2425339, 2026-06-24) has two automated attempts (`submissions/yolo_results/yolo_d6_e942_limsup_extracted/...` and `.../yolo_mega6_e942_kronecker_extracted/...`, the latter also under `submissions/nu4_final/`) that prove the bookkeeping and leave the simultaneous-approximation lemma (`kronecker_construction` / `simultaneous_approx_primes`) as `sorry`; JSP PR #4355 states 'no complete formalization known' (#3575 is a filler file, #889 only two powerful numbers); conjectures-io erdos-942: 0 contributions; lean-genius / Bench / other copies: stubs; plby: no file
649	erdos_649.variants.tong	research solved	DUPLICATE-CORE	OPTIONAL (not claimed by default)	https://github.com/plby/lean-proofs/blob/8822f7ddef30fadbd92e1c6ab4ed897af356af5e/src/latest/ErdosProblems/Erdos649.lean#L374 (`tong_counterexamples (p) (hp : p.Prime) : {q | q.Prime ∧ ¬ ∃ n, P n = p ∧ P (n + 1) = q}.Infinite`, the same Dirichlet + quadratic-reciprocity argument, own `P`). rjwalters/lean-genius has it as `axiom tong_theorem`. No proof of the FC statement (with `Nat.maxPrimeFac`) found
649	erdos_649.variants.sampaio	textbook	DUPLICATE-CORE	OPTIONAL (not claimed by default)	https://github.com/plby/lean-proofs/blob/8822f7ddef30fadbd92e1c6ab4ed897af356af5e/src/latest/ErdosProblems/Erdos649.lean#L488 (`sampaio_counterexample : ¬ ∃ n, P n = 19 ∧ P (n + 1) = 2`, own `P n := (n.primeFactors).max.getD 0`; present since the v4.24.0 tree; the FC `formal_proof` tag of the main `erdos_649` points to this very file). CORRECTION: v1 of this packet listed this theorem as NEW -- the plby file had been read only for its last theorem
770	Nat.Prime.h_eq_add_one	textbook	DUPLICATE	NOT CLAIMED	https://github.com/TheJustinSunPrize/awards/pull/580 (2026-09-17, exact FC statement `Erdos770.Nat.Prime.h_eq_add_one`)
273	erdos_273.variants.three	research solved	DUPLICATE	NOT CLAIMED	https://github.com/TheJustinSunPrize/awards/pull/299 (2026-09-16, `erdos_273_three`, Selfridge's twelve moduli dividing 360, exact FC content) , https://github.com/TheJustinSunPrize/awards/pull/281 (`variants_three`, `exact_public_statement`)
1136	erdos_1136.variants.mueller	research solved	DUPLICATE	NOT CLAIMED	https://github.com/plby/lean-proofs/blob/8822f7ddef30fadbd92e1c6ab4ed897af356af5e/src/latest/ErdosProblems/Erdos1136.lean (Mueller's set, sum-freeness and density 1/2: `A_sumfree`, `A_density_half`). The adv5 file copies ~370 lines of that plby file as `namespace MuellerAux` and adds only a ~70-line bridge to the FC definitions `muellerSet` / `HasDensity`
1136	erdos_1136.variants.multiples_of_three	research solved	TRIVIAL	CLAIM? (minor/sanity list)	trivial example given on the problem page (density 1/3); plby Erdos1136.lean proves the stronger density-1/2 construction; no prior proof of this exact statement found
1136	erdos_1136.variants.upper_bound	research solved	DUPLICATE	NOT CLAIMED	https://github.com/plby/lean-proofs/blob/8822f7ddef30fadbd92e1c6ab4ed897af356af5e/src/latest/ErdosProblems/Erdos1136.lean (2nd conjunct: upper density <= 1/2 for every such set; subsumes)
36	minimum_overlap.variants.lower.erdos_1955	textbook	DUPLICATE-CORE	OPTIONAL (not claimed by default)	https://github.com/rjwalters/lean-genius/blob/HEAD/proofs/Proofs/Erdos36Problem.lean (`trivial_lower_bound`, `erdos_lower_quarter`: M(N)/N > 1/4 for all N, own definitions); also TRIVIAL (pigeonhole). No proof of the FC liminf statement found
261	erdos_261.variants.borwein_loring	textbook	DUPLICATE-CORE	OPTIONAL (not claimed by default)	https://github.com/rjwalters/lean-genius/blob/HEAD/proofs/Proofs/Erdos261Problem.lean (2026-07-17: `borwein_loring_family`, `ErdosProblem261_infinitely_many`, own definitions `IsRepresentable`; not compiled by us). No proof of the FC statements found; JSP PR #268 covers only n <= 10000
261	erdos_261.variants.borwein_loring_property	textbook	DUPLICATE-CORE	OPTIONAL (not claimed by default)	as borwein_loring
261	erdos_261.parts.i	research solved	DUPLICATE-CORE	OPTIONAL (not claimed by default)	as borwein_loring
698	erdos_698.variants.erdos_szekeres	research solved	NEW	CLAIM (substantive)	plby Erdos698.lean proves Bergman's bound for i>=2 (different inequality); JSP PR #589 proves only the sharpness variant; lean-genius has `axiom erdos_szekeres_exponential`
698	erdos_698.variants.erdos_szekeres_sharp	research solved	DUPLICATE	NOT CLAIMED	https://github.com/TheJustinSunPrize/awards/pull/589 (exact FC statement, 2026-09-17)
865	erdos_865.variants.k2	research solved	DUPLICATE	NOT CLAIMED	https://github.com/TheJustinSunPrize/awards/pull/658
885	erdos_885.variants.k_eq_2	research solved	DUPLICATE	NOT CLAIMED	https://github.com/TheJustinSunPrize/awards/pull/297
292	erdos_292.variants.mul	research solved	NEW	CLAIM (substantive)	plby Erdos292.lean proves only the main density-1 theorem; lean-genius Erdos292Problem states Straus closure and the prime-power fact as `axiom`s
292	erdos_292.variants.two_mul	research solved	NEW	CLAIM (substantive)	as above; no hit anywhere
292	erdos_292.variants.prime_pow	research solved	NEW	CLAIM (substantive)	as above (lean-genius: `axiom prime_powers_not_in_A`)
317	claim2_inequality	textbook	DUPLICATE	NOT CLAIMED	https://github.com/TheJustinSunPrize/awards/pull/493
291	erdos_291.parts.ii	research solved	DUPLICATE	NOT CLAIMED	https://github.com/TheJustinSunPrize/awards/pull/216
302	erdos_302.variants.lower_half	research solved	DUPLICATE	NOT CLAIMED	https://github.com/TheJustinSunPrize/awards/pull/301
302	erdos_302.variants.lower_five_eighths	research solved	DUPLICATE	NOT CLAIMED	https://github.com/TheJustinSunPrize/awards/pull/301
302	erdos_302.parts.ii	research solved	DUPLICATE	NOT CLAIMED	https://github.com/TheJustinSunPrize/awards/pull/301 (corollary of the 5/8 bound)
395	erdos_395.variants.one	research solved	NEW	CLAIM (substantive)	plby Erdos395.lean proves the main sqrt(2) theorem only; lean-genius has `axiom erdos_original_is_false`
602	erdos_602.variants.two_sets	research solved	REJECTED	NOT CLAIMED	proof already present in FC, nothing contributed
1193	erdos_1193.parts.i	research solved	DUPLICATE-CORE	NOT CLAIMED	https://github.com/plby/lean-proofs/blob/8822f7ddef30fadbd92e1c6ab4ed897af356af5e/src/latest/ErdosProblems/Erdos1193.lean (`not_erdos_1193`) and https://github.com/TheJustinSunPrize/awards/pull/26 (density-one statements for A = N, g(n) = n+1); also TRIVIAL (source: 'the answer is trivially no')
1193	erdos_1193.parts.ii	research solved	DUPLICATE-CORE	NOT CLAIMED	as parts.i
1193	erdos_1193.variants.upper_density_pos	research solved	DUPLICATE-CORE	NOT CLAIMED	as parts.i
367	erdos_367.variants.k_le_two	research solved	DUPLICATE	NOT CLAIMED	https://github.com/TheJustinSunPrize/awards/pull/455
703	erdos_703.variants.zero	textbook	TRIVIAL	CLAIM? (minor/sanity list)	source: 'It is trivial that T(n,0)=2^(n-1)'. No prior proof of this exact statement found (plby Erdos703 proves the Frankl-Rodl main theorem)
748	erdos_748.variants.lower_bound	textbook	TRIVIAL	CLAIM? (minor/sanity list)	source: 'It is trivial to see'. No prior proof of this exact statement found (plby Erdos748 / JSP #1664 prove the Cameron-Erdos upper bound)
123	erdos_123.variants.powers_2_3	research solved	NEW	CLAIM (substantive)	plby Erdos123.lean and JSP PR #715 treat the three-generator theorem / the 6,10,15 counterexample, not the two-generator set; lean-genius Erdos123Problem derives it from an `axiom powers23_repr` (not a proof); FC upstream PRs #2485/#3344 only retag the category (sorryAx present)
885	erdos_885.variants.k_eq_3	research solved	DUPLICATE	NOT CLAIMED	https://github.com/TheJustinSunPrize/awards/pull/297
939	erdos_939.variants.seven	research solved	NEW	CLAIM (substantive)	all public copies found (kavanaghpatrick/aristotle-math-problems tier5/6, FormalConjectures-Bench tasks-v2, Paul-Lez/fc100, epoch-research/LeanOpenProblems, ...) are `sorry` stubs; JSP PRs #65/#265/#370 prove the 3-powerful-triples and r=6 infinitude statements, not r=7/8; FC upstream PRs #2591/#3115 only retag
939	erdos_939.variants.eight	research solved	NEW	CLAIM (substantive)	as r=7
1063	erdos_1063.variants.monier_upper_bound	research solved	DUPLICATE	NOT CLAIMED	https://github.com/TheJustinSunPrize/awards/pull/56 , https://github.com/TheJustinSunPrize/awards/pull/406 (Monier bound, 2026-09-16); subsumed by https://github.com/pcycho/erdos1063-cambie
44	greedy_sidon_construction	textbook	NEW	CLAIM (substantive)	no proof found; conjectures-io erdos-44 proves only maxSidonSubsetCard_icc_bound; lean-genius Erdos44Problem has no greedy N^(1/3) bound; kavanaghpatrick/aristotle-math-problems and FormalConjectures-Bench copies are `sorry` stubs (of an older, false sqrt(N) version of the statement)
295	exists_k	textbook	NEW	CLAIM? (minor/sanity list)	helper lemma of the FC file; JSP PR #271 proves the Erdos-Straus lower bound with its own definitions and assumes existence; no proof of this lemma found
282	erdos_282.variants.fibonacci	textbook	DUPLICATE	NOT CLAIMED	https://github.com/TheJustinSunPrize/awards/pull/583
1063	erdos_1063.variants.exists_exception	research solved	DUPLICATE	NOT CLAIMED	https://github.com/TheJustinSunPrize/awards/pull/631 (exact FC statement `erdos_1063.variants.exists_exception`, 2026-09-17)
1008	erdos_1008.variants.lower_bound	research solved	DUPLICATE	NOT CLAIMED	https://github.com/plby/lean-proofs/blob/8822f7ddef30fadbd92e1c6ab4ed897af356af5e/src/latest/ErdosProblems/Erdos1008.lean (stronger m^(2/3) bound) ; https://github.com/TheJustinSunPrize/awards/pull/662
36	minimum_overlap.variants.upper.erdos_1955	research solved	DUPLICATE	NOT CLAIMED	https://github.com/TheJustinSunPrize/awards/pull/304 (exact FC statement, 2026-09-16)
835	property_iff_chromaticNumber	test	DUPLICATE	NOT CLAIMED	https://github.com/conjectures-io/conjectures-contribution/tree/be220ff/contributions/erdos-835 (exact statement); FC category `test`
859	erdos_859.variants.positive_density	textbook	DUPLICATE	NOT CLAIMED	https://github.com/conjectures-io/conjectures-contribution/tree/be220ff/contributions/erdos-859 (`positive_density (t) : (DivisorSumSet t).HasPosDensity`, exact FC statement); FC itself calls it 'an easy sanity check'
409	erdos_409.variants.termination	test	REJECTED	NOT CLAIMED	proof already present in FC, nothing contributed
1074	erdos_1074.variants.EHSNumbers_init	test	DUPLICATE	NOT CLAIMED	https://github.com/conjectures-io/conjectures-contribution/tree/be220ff/contributions/erdos-1074-variants-ehsnumbers-one-half and https://github.com/williamjblair/lean-proofs/blob/HEAD/ErdosProblems/Erdos1074.lean ; FC category `test`
1074	erdos_1074.variants.PillaiPrimes_init	test	DUPLICATE	NOT CLAIMED	https://github.com/conjectures-io/conjectures-contribution/tree/be220ff/contributions/erdos-1074-variants-ehsnumbers-one-half ; FC category `test`
757	erdos_757.variants.upperBound	research solved	DUPLICATE-CORE	OPTIONAL (not claimed by default)	https://github.com/TheJustinSunPrize/awards/pull/74 (2026-09-16: `admissible_le_four_sevenths`, the same Ma-Tang 14-point c <= 4/7 argument, with its own `Admissible` over Finset R; NOT the FC statement `sSup {c | IsAdmissible c} < 3/5`). No proof of the FC statement itself found (Bench/Aristotle copies are stubs; FC PRs #2696/#3218 only retag)
423	erdos_423.variants.nondecreasing	research solved	DUPLICATE	NOT CLAIMED	https://github.com/TheJustinSunPrize/awards/pull/415 , https://github.com/baobingzhang/jsp-000348-erdos423-lean
918	erdos_918.variants.eq_aleph_0.parts.i	textbook	NEW	CLAIM (substantive)	no proof found (lean-genius Erdos918Problem axiomatises the questions; Bench/Aristotle copies are stubs)
918	erdos_918.variants.eq_aleph_0_all_subgraphs.parts.i	textbook	NEW	CLAIM (substantive)	as above
918	erdos_918.variants.eq_aleph_0_all_subgraphs.parts.ii	textbook	NEW	CLAIM (substantive)	as above
G-PM	Star6.simple_schoenberger	(star6 library, not FC)	NEW	CLAIM (substantive)	no Lean proof found: Mathlib v4.33.1 (Mathlib/, Archive/, Counterexamples/) has `SimpleGraph.tutte` and `IsBridge` but no hit for petersen/schoenberger/bridgeless-matching; mathlib4 PR/issue search 'Petersen theorem perfect matching', 'bridgeless cubic perfect matching', 'Schönberger': 0 hits; KunalRelia/VCCBG states it as `public axiom PetersenMatching` ('Petersen 1891 (not yet in Mathlib)'); KokunoYumeto/lean-theorems-1 `petersen_bridgeless_cubic_1factor` takes Tutte's condition as a hypothesis `h_tutte` and is therefore not a proof of Petersen's theorem; Vilin97/lean-pool, plby/lean-proofs, formal-conjectures (Wikipedia/LovaszPlummerConjecture.lean only uses `IsBridgeless` in a conjecture), all 4155 JSP PR heads: no hit
G-PM	Star6.simple_petersen_connected	(star6 library, not FC)	NEW	CLAIM (substantive)	as simple_schoenberger; corollary (connected case only)
